{
  "key": "ctp-adyen-integration-interaction-payment-type",
  "name": {
    "en": "commercetools Adyen integration payment interface interaction type"
  },
  "resourceTypeIds": ["payment-interface-interaction"],
  "fieldDefinitions": [
    {
      "name": "createdAt",
      "label": {
        "en": "createdAt"
      },
      "required": true,
      "type": {
        "name": "DateTime"
      },
      "inputHint": "SingleLine"
    },
    {
      "name": "transactionId",
      "label": {
        "en": "transactionId"
      },
      "required": false,
      "type": {
        "name": "String"
      },
      "inputHint": "SingleLine"
    },
    {
      "name": "request",
      "label": {
        "en": "request"
      },
      "required": true,
      "type": {
        "name": "String"
      },
      "inputHint": "MultiLine"
    },
    {
      "name": "response",
      "label": {
        "en": "response"
      },
      "required": true,
      "type": {
        "name": "String"
      },
      "inputHint": "MultiLine"
    },
    {
      "name": "type",
      "label": {
        "en": "type"
      },
      "required": true,
      "type": {
        "name": "String"
      },
      "inputHint": "SingleLine"
    }
  ]
}
