{
  "key": "ctp-adyen-integration-web-components-payment-type",
  "name": {
    "en": "commercetools Adyen integration payment custom type based on web components"
  },
  "resourceTypeIds": ["payment"],
  "fieldDefinitions": [
    {
      "name": "commercetoolsProjectKey",
      "label": {
        "en": "commercetoolsProjectKey"
      },
      "type": {
        "name": "String"
      },
      "inputHint": "SingleLine",
      "required": false
    },
    {
      "name": "adyenMerchantAccount",
      "label": {
        "en": "adyenMerchantAccount"
      },
      "type": {
        "name": "String"
      },
      "inputHint": "SingleLine",
      "required": false
    },
    {
      "name": "getPaymentMethodsRequest",
      "label": {
        "en": "getPaymentMethodsRequest"
      },
      "type": {
        "name": "String"
      },
      "inputHint": "MultiLine",
      "required": false
    },
    {
      "name": "getPaymentMethodsResponse",
      "label": {
        "en": "getPaymentMethodsResponse"
      },
      "type": {
        "name": "String"
      },
      "inputHint": "MultiLine",
      "required": false
    },
    {
      "name": "makePaymentRequest",
      "label": {
        "en": "makePaymentRequest"
      },
      "type": {
        "name": "String"
      },
      "inputHint": "MultiLine",
      "required": false
    },
    {
      "name": "makePaymentResponse",
      "label": {
        "en": "makePaymentResponse"
      },
      "type": {
        "name": "String"
      },
      "inputHint": "MultiLine",
      "required": false
    },
    {
      "name": "submitAdditionalPaymentDetailsRequest",
      "label": {
        "en": "submitAdditionalPaymentDetailsRequest"
      },
      "type": {
        "name": "String"
      },
      "inputHint": "MultiLine",
      "required": false
    },
    {
      "name": "submitAdditionalPaymentDetailsResponse",
      "label": {
        "en": "submitAdditionalPaymentDetailsResponse"
      },
      "type": {
        "name": "String"
      },
      "inputHint": "MultiLine",
      "required": false
    },
    {
      "name": "languageCode",
      "label": {
        "en": "Language code is used to determine the default locale for line item names in the matching cart."
      },
      "type": {
        "name": "String"
      },
      "inputHint": "SingleLine",
      "required": false
    },
    {
      "name": "getCarbonOffsetCostsRequest",
      "label": {
        "en": "getCarbonOffsetCostsRequest"
      },
      "type": {
        "name": "String"
      },
      "inputHint": "MultiLine",
      "required": false
    },
    {
      "name": "getCarbonOffsetCostsResponse",
      "label": {
        "en": "getCarbonOffsetCostsResponse"
      },
      "type": {
        "name": "String"
      },
      "inputHint": "MultiLine",
      "required": false
    },
    {
      "name": "amountUpdatesRequest",
      "label": {
        "en": "amountUpdatesRequest"
      },
      "type": {
        "name": "String"
      },
      "inputHint": "MultiLine",
      "required": false
    },
    {
      "name": "amountUpdatesResponse",
      "label": {
        "en": "amountUpdatesResponse"
      },
      "type": {
        "name": "String"
      },
      "inputHint": "MultiLine",
      "required": false
    },
    {
      "name": "disableStoredPaymentRequest",
      "label": {
        "en": "disableStoredPaymentRequest"
      },
      "type": {
        "name": "String"
      },
      "inputHint": "MultiLine",
      "required": false
    },
    {
      "name": "disableStoredPaymentResponse",
      "label": {
        "en": "disableStoredPaymentResponse"
      },
      "type": {
        "name": "String"
      },
      "inputHint": "MultiLine",
      "required": false
    },
    {
      "name": "createSessionRequest",
      "label": {
        "en": "createSessionRequest"
      },
      "type": {
        "name": "String"
      },
      "inputHint": "MultiLine",
      "required": false
    },
    {
      "name": "createSessionResponse",
      "label": {
        "en": "createSessionResponse"
      },
      "type": {
        "name": "String"
      },
      "inputHint": "MultiLine",
      "required": false
    }
  ]
}
